ntsb_make,ntsb_model,latimes_make,latimes_model,count
AERO ELI SERVIZI,YO-YO 222,,,1
AEROSPATIALE,350 B1,AIRBUS,350,1
AEROSPATIALE,350B1,AIRBUS,350,1
AEROSPATIALE,350D,AIRBUS,350,1
AEROSPATIALE,ALOUETTE 3,AIRBUS,Alouette III,1
AEROSPATIALE,AS 350B-2,AIRBUS,350,1
AEROSPATIALE,AS 350D,AIRBUS,350,1
AEROSPATIALE,AS 355,AIRBUS,355,1
AEROSPATIALE,AS 355F,AIRBUS,355,2
AEROSPATIALE,AS 355F1,AIRBUS,355,2
AEROSPATIALE,AS-350-B2,AIRBUS,350,1
AEROSPATIALE,AS-350-D,AIRBUS,350,2
AEROSPATIALE,AS-350B,AIRBUS,350,3
AEROSPATIALE,AS-350B1,AIRBUS,350,1
AEROSPATIALE,AS-350BA,AIRBUS,350,1
AEROSPATIALE,AS-350D,AIRBUS,350,6
AEROSPATIALE,AS-355,AIRBUS,355,1
AEROSPATIALE,AS-355-F1,AIRBUS,355,2
AEROSPATIALE,AS-355-F2,AIRBUS,355,1
AEROSPATIALE,AS-355F,AIRBUS,355,1
AEROSPATIALE,AS-355F-1,AIRBUS,355,2
AEROSPATIALE,AS-355F1,AIRBUS,355,1
AEROSPATIALE,AS-365-N2,AIRBUS,365,1
AEROSPATIALE,AS332,AIRBUS,332,1
AEROSPATIALE,AS350,AIRBUS,350,4
AEROSPATIALE,AS350-D,AIRBUS,350,1
AEROSPATIALE,AS350B,AIRBUS,350,6
AEROSPATIALE,AS350B2,AIRBUS,350,1
AEROSPATIALE,AS350BA,AIRBUS,350,5
AEROSPATIALE,AS350D,AIRBUS,350,4
AEROSPATIALE,AS350D ASTAR,AIRBUS,350,1
AEROSPATIALE,AS355,AIRBUS,355,2
AEROSPATIALE,AS355F,AIRBUS,355,2
AEROSPATIALE,AS355F-1,AIRBUS,355,1
AEROSPATIALE,AS35OD,AIRBUS,350,1
AEROSPATIALE,S350D,AIRBUS,350,1
AEROSPATIALE,SA 316B,AIRBUS,316,1
AEROSPATIALE,SA-316B,AIRBUS,316,1
AEROSPATIALE,SA-330J,AIRBUS,330,1
AEROSPATIALE,SA-341G,AIRBUS,341,1
AEROSPATIALE,SA-365-N2,AIRBUS,365,1
AEROSPATIALE,SA315B,AIRBUS,315,3
AEROSPATIALE,SA316B,AIRBUS,316,2
AEROSPATIALE,SA330J,AIRBUS,330,1
AEROSPATIALE,SA360C DAUPHIN,AIRBUS,360,1
AEROSPATIALE,SA365N,AIRBUS,365,1
AEROSPATIALE,SA365N-1 D,AIRBUS,365,1
AEROSPATIALE,SE 318C,AIRBUS,318,1
AGUSTA,109E,AGUSTA,109,1
AGUSTA,119A,AGUSTA,119,1
AGUSTA,A-109-K2,AGUSTA,109,1
AGUSTA,A109,AGUSTA,109,2
AGUSTA,A109A,AGUSTA,109,1
AGUSTA,A109A II,AGUSTA,109,3
AGUSTA,A109A MKII,AGUSTA,109,1
AGUSTA,A109C,AGUSTA,109,2
AGUSTA,A109K2,AGUSTA,109,1
AGUSTA,A119,AGUSTA,119,2
AGUSTA,AW109,AGUSTA,109,1
AGUSTA,AW119MKII,AGUSTA,119,1
AGUSTA,AW139,AGUSTA,139,1
AGUSTA BELL,206B,BELL,206,1
AGUSTA BELL,AB206-B3,BELL,206,1
AGUSTA BELL,AB206B,BELL,206,1
AGUSTA SPA,A109A II,AGUSTA,109,1
AGUSTA SPA,A109E,AGUSTA,109,2
AGUSTA/WESTLAND,A109S,AGUSTA,109,1
AGUSTAWESTLAND SPA,AGUSTA AW139,AGUSTA,139,1
AIRBUS,AS350,AIRBUS,350,1
AIRBUS HELICOPTER,EC135T2+,AIRBUS,135,1
AIRBUS HELICOPTERS,332L2,AIRBUS,332,1
AIRBUS HELICOPTERS,AS350,AIRBUS,350,1
AIRBUS HELICOPTERS,AS350B3E,AIRBUS,350,1
AIRBUS HELICOPTERS (EUROCOPTE,EC-130-B4,AIRBUS,130,1
AIRBUS HELICOPTERS INC,AS350,AIRBUS,350,1
AIRBUS HELICOPTERS INC,AS350B3E,AIRBUS,350,1
ALLENSWORTH,BABY BELLE,ALLENSWORTH,BABY BELLE,1
AMERICAN EUROCOPTER,AS-350B,AIRBUS,350,1
AMERICAN EUROCOPTER CORP,AS350B2,AIRBUS,350,1
AMERICAN EUROCOPTER CORP,AS350B3,AIRBUS,350,1
AMERICAN EUROCOPTER LLC,AS 350 B3,AIRBUS,350,1
ARMBRUSTER,MINI-500,ARMBRUSTER,,1
ARROW AIRCRAFT CO.,OH-58A,ARROW AIRCRAFT CO.,OH,1
ARROW FALCON EXPORTERS INC.,ARROW F OH-58A,ARROW AIRCRAFT CO.,OH,1
AUGUSTA,109E,AGUSTA,109,1
AUSTIN,REVOLUTION MINI 500,AUSTIN,MINI 500,1
AUTRA,SCORPION/133,AUTRA,,1
AVIATION INTERNATIONAL ROTORS,CH-54A,AVIATION INTERNATIONAL ROTORS,54,1
BAKER BOBBY J,SAFARI,BAKER BOBBY J,,1
BARKLAGE,REVOLUTION MINI 500,BARKLAGE,MINI 500,1
BELL,204,BELL,204,1
BELL,204B,BELL,204,4
BELL,205,BELL,205,1
BELL,205 A1++,BELL,205,1
BELL,205A-1,BELL,205,5
BELL,205A1,BELL,205,3
BELL,206,BELL,206,32
BELL,206 - B,BELL,206,1
BELL,206 - L3,BELL,206,1
BELL,206 - L4,BELL,206,2
BELL,206 B III,BELL,206,2
BELL,206 L-1,BELL,206,3
BELL,206 L3,BELL,206,1
BELL,206 L4,BELL,206,2
BELL,206-A,BELL,206,1
BELL,206-B,BELL,206,1
BELL,206-B-III,BELL,206,1
BELL,206-B3,BELL,206,2
BELL,206-L1,BELL,206,4
BELL,206-L3,BELL,206,3
BELL,206-L4,BELL,206,2
BELL,206A,BELL,206,3
BELL,206B,BELL,206,112
BELL,206B (II),BELL,206,1
BELL,206B II,BELL,206,1
BELL,206B III,BELL,206,8
BELL,206B-11,BELL,206,1
BELL,206B-3,BELL,206,4
BELL,206B-III,BELL,206,3
BELL,206B3,BELL,206,5
BELL,206BIII,BELL,206,4
BELL,206L,BELL,206,7
BELL,206L 3,BELL,206,3
BELL,206L-1,BELL,206,33
BELL,206L-3,BELL,206,20
BELL,206L-4,BELL,206,5
BELL,206L1,BELL,206,2
BELL,206L3,BELL,206,2
BELL,206L4,BELL,206,3
BELL,212,BELL,212,16
BELL,212 - NO SERIES,BELL,212,1
BELL,214,BELL,214,1
BELL,214B,BELL,214,1
BELL,214B-1,BELL,214,3
BELL,214B1,BELL,214,1
BELL,214ST,BELL,214,1
BELL,222,BELL,222,6
BELL,222U,BELL,222,1
BELL,222UT,BELL,222,3
BELL,407,BELL,407,32
BELL,407 - NO SERIES,BELL,407,2
BELL,412,BELL,412,9
BELL,412 EP,BELL,412,1
BELL,412/SP,BELL,412,1
BELL,412EP,BELL,412,4
BELL,412HP,BELL,412,3
BELL,412SP,BELL,412,6
BELL,429,BELL,429,2
BELL,430,BELL,430,4
BELL,47,BELL,47,1
BELL,47(SOLOY),BELL,47,1
BELL,47-G,BELL,47,1
BELL,47-G3B,BELL,47,1
BELL,47-G4,BELL,47,1
BELL,47-G4A,BELL,47,2
BELL,47-G5,BELL,47,1
BELL,47-G5A,BELL,47,1
BELL,47D1,BELL,47,6
BELL,47G,BELL,47,12
BELL,47G 2,BELL,47,1
BELL,47G 3B 1,BELL,47,1
BELL,47G 5,BELL,47,2
BELL,47G-2,BELL,47,8
BELL,47G-2A,BELL,47,1
BELL,47G-2A-1,BELL,47,3
BELL,47G-2A1,BELL,47,2
BELL,47G-3B-1,BELL,47,6
BELL,47G-3B-2,BELL,47,1
BELL,47G-3B-L,BELL,47,1
BELL,47G-3B1,BELL,47,5
BELL,47G-4A,BELL,47,4
BELL,47G-5,BELL,47,4
BELL,47G-5A,BELL,47,2
BELL,47G/TOMCAT MK5,BELL,47,1
BELL,47G2,BELL,47,3
BELL,47G2-M,BELL,47,1
BELL,47G2A,BELL,47,1
BELL,47G2A1,BELL,47,1
BELL,47G3B,BELL,47,1
BELL,47G3B2,BELL,47,1
BELL,47G5,BELL,47,1
BELL,47GL,BELL,47,1
BELL,47J-2,BELL,47,1
BELL,47J2,BELL,47,1
BELL,525,BELL,525,1
BELL,B 206B III,BELL,206,1
BELL,B-206L,BELL,206,1
BELL,B206LI,BELL,206,1
BELL,B212,BELL,212,1
BELL,BELL 47-G2,BELL,47,1
BELL,BH-206B,BELL,206,1
BELL,BHT-206L-1,BELL,206,1
BELL,HH-1H,BELL,HH-1,1
BELL,OH-58A,BELL,OH-58,3
BELL,OH-58A+,BELL,OH-58,1
BELL,OH-58C,BELL,OH-58,4
BELL,UH 1B,BELL,UH-1,1
BELL,UH-1B,BELL,UH-1,14
BELL,UH-1H,BELL,UH-1,17
BELL,UH-1L,BELL,UH-1,1
BELL,UH-1N,BELL,UH-1,1
BELL,UH-1V,BELL,UH-1,2
BELL,UH-IH,BELL,UH-1,1
BELL,UH1B,BELL,UH-1,1
BELL HELICOPTER,206,BELL,206,1
BELL HELICOPTER,206L-1,BELL,206,1
BELL HELICOPTER,407,BELL,407,3
BELL HELICOPTER CO,206B,BELL,206,1
BELL HELICOPTER TEXTRON,206 L-1,BELL,206,1
BELL HELICOPTER TEXTRON,206L 1,BELL,206,1
BELL HELICOPTER TEXTRON,206L-1,BELL,206,2
BELL HELICOPTER TEXTRON,BELL 206B,BELL,206,1
BELL HELICOPTER TEXTRON CANADA,206B,BELL,206,1
BELL HELICOPTER TEXTRON CANADA,407,BELL,407,2
BELL HELICOPTER TEXTRON CANADA,429,BELL,429,1
BELL HELICOPTER TEXTRON INC,609,BELL,609,1
BELL SHELBY AERO,47G2,BELL,47,1
BELL-CARSON,47G SUPER C 4,BELL,47,1
BELL-K COPTER,47D1,BELL,47,1
"BELL-OLYMPIC HELICOPTERS, INC.",47G2,BELL,47,1
BELL/SOLOY,47G-3B,BELL,47,1
BELL/TSIRAH,209AH-1FT,BELL,209,1
BIHN,MINI 500,BIHN,MINI 500,1
BOEING,234,BOEING,234,1
BOEING,CH-47D,BOEING,47,1
BOEING HELICOPTERS DIV.,369D,BOEING,369,1
BOEING VERTOL,107,BOEING,107,1
BOEING VERTOL,BV-107 II,BOEING,107,2
BOEING VERTOL,BV-107-II,BOEING,107,1
BOEING-VERTOL,234,BOEING,234,1
BOLKOW,BO105,BOLKOW,105,1
BRANTLEY,B-2B,BRANTLY,B2,1
BRANTLY,B 2B,BRANTLY,B2,1
BRANTLY,B-2B,BRANTLY,B2,3
BRANTLY HELICOPTER,B-2,BRANTLY,B2,3
BRANTLY HELICOPTER,B-2B,BRANTLY,B2,1
BURSON,REVOLUTION MINI 500,BURSON,MINI 500,1
BÖLKOW,BO-105S,BÖLKOW,105,1
CLATANOFF,ROTORWAY EXEC,ROTORWAY,,1
CONTINENTAL,TOMCAT MK6C,CONTINENTAL,MK6,1
CONTINENTAL COPTERS,MK-5,CONTINENTAL,MK5,1
CONTINENTAL COPTERS,TOMCAT MK5A,CONTINENTAL,MK5,2
CUNNINGHAM,ROTORWAY EXEC,ROTORWAY,,1
DUFF,MINI-500,DUFF,MINI 500,1
EAGLE R&D INC,HELICYCLE,EAGLE R&D INC,,1
ENSTROM,280 - FX,ENSTROM,280,2
ENSTROM,280C,ENSTROM,280,7
ENSTROM,280FX,ENSTROM,280,3
ENSTROM,F-28,ENSTROM,F28,1
ENSTROM,F-280,ENSTROM,280,1
ENSTROM,F-28A,ENSTROM,F28,2
ENSTROM,F-28C,ENSTROM,F28,3
ENSTROM,F-28F,ENSTROM,F28,3
ENSTROM,F28,ENSTROM,F28,2
ENSTROM,F28-C,ENSTROM,F28,1
ENSTROM,F28A,ENSTROM,F28,1
ENSTROM,F28C,ENSTROM,F28,4
ENSTROM,F28F,ENSTROM,F28,1
ENSTROM HELICOPTER CORP,480B,ENSTROM,480,2
ERICKSON,S64E,ERICKSON,S64,1
ERICKSON AIR CRANE,S-64E,ERICKSON,S64,1
"ERICKSON AIR-CRANE, INC.",S-64F,ERICKSON,S64,1
EUROCOPTER,AS 350 B2,AIRBUS,350,8
EUROCOPTER,AS 350 B3,AIRBUS,350,2
EUROCOPTER,AS 350 BA,AIRBUS,350,1
EUROCOPTER,AS 350-B2,AIRBUS,350,1
EUROCOPTER,AS-350,AIRBUS,350,1
EUROCOPTER,AS-350-B,AIRBUS,350,1
EUROCOPTER,AS-350-B2,AIRBUS,350,2
EUROCOPTER,AS-350-B3,AIRBUS,350,3
EUROCOPTER,AS-350-BA,AIRBUS,350,1
EUROCOPTER,AS-350B,AIRBUS,350,1
EUROCOPTER,AS-350BA,AIRBUS,350,1
EUROCOPTER,AS350,AIRBUS,350,4
EUROCOPTER,AS350-B2,AIRBUS,350,3
EUROCOPTER,AS350B,AIRBUS,350,1
EUROCOPTER,AS350B2,AIRBUS,350,4
EUROCOPTER,AS350BA,AIRBUS,350,2
EUROCOPTER,BK117-A3,AIRBUS,117,1
EUROCOPTER,BO105S-CBS-5,AIRBUS,105,1
EUROCOPTER,EC 130 B4,AIRBUS,130,1
EUROCOPTER,EC-135,AIRBUS,135,1
EUROCOPTER,EC-135P1,AIRBUS,135,1
EUROCOPTER,EC120,AIRBUS,120,1
EUROCOPTER,EC120B,AIRBUS,120,3
EUROCOPTER,EC130,AIRBUS,120,1
EUROCOPTER,EC135,AIRBUS,135,4
EUROCOPTER,MBB-BK117-B2,AIRBUS,117,1
EUROCOPTER DEUTSCH,EC 135 T2,AIRBUS,135,1
EUROCOPTER DEUTSCHLAND,BK117C1,AIRBUS,117,1
EUROCOPTER DEUTSCHLAND,BO-105,AIRBUS,105,1
EUROCOPTER DEUTSCHLAND,BO-105 CBS5,AIRBUS,105,1
EUROCOPTER DEUTSCHLAND,EC 135 P2,AIRBUS,135,1
EUROCOPTER DEUTSCHLAND GMBH,EC 135,AIRBUS,135,1
EUROCOPTER DEUTSCHLAND GMBH,EC 135 P2,AIRBUS,135,1
EUROCOPTER DEUTSCHLAND GMBH,EC 135 T2+,AIRBUS,135,1
EUROCOPTER DEUTSCHLAND GMBH,MBB BK 117,AIRBUS,135,1
EUROCOPTER DEUTSCHLAND GMBH,MBB BK 117 C-2,AIRBUS,117,1
EUROCOPTER FRANCE,AS 350 B3,AIRBUS,350,1
EUROCOPTER FRANCE,AS-350-B2,AIRBUS,350,1
EUROCOPTER FRANCE,AS350 B2,AIRBUS,350,1
EUROCOPTER FRANCE,AS350B2,AIRBUS,350,2
EUROCOPTER FRANCE,AS350BA,AIRBUS,350,1
EUROCOPTER FRANCE,AS355 F1,AIRBUS,355,1
EUROCOPTER FRANCE,EC 130 B4,AIRBUS,130,1
EUROCOPTER FRANCE,EC120B,AIRBUS,120,2
EUROCOPTER FRANCE,EC130 B4,AIRBUS,130,1
FAIRCHILD HILLER,FH 1100,FAIRCHILD/HILLER,FH-1100,1
FAIRCHILD HILLER,FH-1100,FAIRCHILD/HILLER,FH-1100,12
FINKE,ROTORWAY EXEC 162F,ROTORWAY,162,1
GARLICK,HH-1K,GARLICK,HH-1,1
GARLICK,OH-58AT,GARLICK,OH-58,1
GARLICK,OH58A,GARLICK,OH-58,1
GARLICK,TH-1L,GARLICK,TH-1,2
GARLICK,UH-1H,GARLICK,UH-1,2
GAUCHAT,SAFARI,GAUCHAT,,1
GOANS,G-5,GOANS,,1
GODBOUT,EXEC 162F,GODBOUT,,1
GRAHAM,MINI-500,GRAHAM,MINI-500,1
HAL,DHRUV,,,1
HILLER,FH-1100,FAIRCHILD/HILLER,FH-1100,4
HILLER,HU-12E,FAIRCHILD/HILLER,HU-12,1
HILLER,UH 12E,FAIRCHILD/HILLER,UH-12,2
HILLER,UH-12A,FAIRCHILD/HILLER,UH-12,1
HILLER,UH-12C,FAIRCHILD/HILLER,UH-12,1
HILLER,UH-12D,FAIRCHILD/HILLER,UH-12,1
HILLER,UH-12D (H23),FAIRCHILD/HILLER,UH-12,1
HILLER,UH-12E,FAIRCHILD/HILLER,UH-12,10
HILLER,UH12L,FAIRCHILD/HILLER,UH-12,1
HILLER-SOLOY,UH-12E,FAIRCHILD/HILLER,UH-12,1
HUGHES,269A,HUGHES,269,11
HUGHES,269B,HUGHES,269,7
HUGHES,269C,HUGHES,269,22
HUGHES,300AG,HUGHES,300,1
HUGHES,369,HUGHES,369,9
HUGHES,369A,HUGHES,369,3
HUGHES,369B,HUGHES,369,1
HUGHES,369D,HUGHES,369,36
HUGHES,369D/500D,HUGHES,369,1
HUGHES,369E,HUGHES,369,6
HUGHES,369F,HUGHES,369,1
HUGHES,369HE,HUGHES,369,1
HUGHES,369HS,HUGHES,369,18
HUGHES,500,HUGHES,500,1
HUGHES,500D,HUGHES,500,1
HUGHES,MD369,HUGHES,369,1
HUGHES,OH-6A,HUGHES,OH,8
HUGHES,TH-55,HUGHES,TH,2
JAMES D. RIEHM,ROTORWAY EXEC,ROTORWAY,,1
JOHNSTON DOUGLAS S,SAFARI,JOHNSTON DOUGLAS S,,1
JUDR ZDENEK PRAZDNY,ROTORWAY,ROTORWAY,,1
KAMAN,HH-43,KAMAN,HH-43,1
KAMAN,HH-43F,KAMAN,HH-43,3
KAMAN,HH43 B/F,KAMAN,HH-43,1
KAMAN,K-1200,KAMAN,K-1200,4
KAMAN,K-600,KAMAN,K-600,1
KAMAN AEROSPACE CORP,K-1200,KAMAN,K-1200,1
KAWASAKI,BK-117B-1,KAWASAKI,117,1
KAWASAKI,BK117,KAWASAKI,117,1
KAWASAKI,KV-107-II,KAWASAKI,107,1
KAWASAKI HEAVY INDUSTRIES LTD.,BK117 B-2,KAWASAKI,117,1
KIT BUILT (ROTORWAY),SCORPION 133,ROTORWAY,133,1
MBB,105,MBB,105,1
MBB,B0-105CBS-4,MBB,105,1
MBB,BK 117 A-3,MBB,117,1
MBB,BK 117 B-1,MBB,117,1
MBB,BK-117,MBB,117,1
MBB,BK-117 A-1,MBB,117,1
MBB,BK-117 A-3,MBB,117,1
MBB,BK-117-A-3,MBB,117,1
MBB,BK-117-B2,MBB,117,1
MBB,BO 105CB4,MBB,105,1
MBB,BO 105LS A-3,MBB,105,1
MBB,BO-105,MBB,105,3
MBB,BO-105 CBS-4,MBB,105,1
MBB,BO-105C,MBB,105,3
MBB,BO-105CB-4,MBB,105,1
MBB,BO-105CBS,MBB,105,3
MBB,BO-105S,MBB,105,4
MBB,SCORPION TOO,MBB,SCORPION,1
MBB-BOLKOW,BO-105CBS,MBB,105,1
MCDONNELL DOUGLAS,269B,MCDONNELL DOUGLAS,269,1
MCDONNELL DOUGLAS,369,MCDONNELL DOUGLAS,369,2
MCDONNELL DOUGLAS,369D,MCDONNELL DOUGLAS,369,7
MCDONNELL DOUGLAS,369E,MCDONNELL DOUGLAS,369,6
MCDONNELL DOUGLAS,369FF,MCDONNELL DOUGLAS,369,4
MCDONNELL DOUGLAS,369HS,MCDONNELL DOUGLAS,369,1
MCDONNELL DOUGLAS,500,MCDONNELL DOUGLAS,500,1
MCDONNELL DOUGLAS,500E,MCDONNELL DOUGLAS,500,1
MCDONNELL DOUGLAS,500N,MCDONNELL DOUGLAS,500,1
MCDONNELL DOUGLAS,520N,MCDONNELL DOUGLAS,520,1
MCDONNELL DOUGLAS,AH-64D,MCDONNELL DOUGLAS,64,1
MCDONNELL DOUGLAS,HU-600N,MCDONNELL DOUGLAS,600,1
MCDONNELL DOUGLAS,MD-600,MCDONNELL DOUGLAS,600,1
MCDONNELL DOUGLAS,MD-902,MCDONNELL DOUGLAS,902,1
MCDONNELL DOUGLAS HELI CO,369,MCDONNELL DOUGLAS,369,1
MCDONNELL DOUGLAS HELI CO,369FF,MCDONNELL DOUGLAS,369,3
MCDONNELL DOUGLAS HELICOPTER,369E,MCDONNELL DOUGLAS,369,2
MCDONNELL DOUGLAS HELICOPTER,600N,MCDONNELL DOUGLAS,600,1
MCDONNELL DOUGLAS HELICOPTER C,MD 500E,MCDONNELL DOUGLAS,500,1
MD HELICOPTER,369,MCDONNELL DOUGLAS,369,2
MD HELICOPTER,369HS,MCDONNELL DOUGLAS,369,1
MD HELICOPTER,500,MCDONNELL DOUGLAS,500,1
MD HELICOPTER,500N,MCDONNELL DOUGLAS,500,1
MD HELICOPTER,600,MCDONNELL DOUGLAS,600,2
MD HELICOPTER,MD 600,MCDONNELL DOUGLAS,600,1
MD HELICOPTER INC,369D,MCDONNELL DOUGLAS,369,1
MD HELICOPTER INC,530 (369FF),MCDONNELL DOUGLAS,530,1
MD HELICOPTERS,MD-600N,MCDONNELL DOUGLAS,600,1
MD HELICOPTERS INC,369E,MCDONNELL DOUGLAS,369,1
MD HELICOPTERS INC,369HM,MCDONNELL DOUGLAS,369,1
MESSERSCHMITT-BOLKOW-BLOHM,BO 105-S,MBB,105,1
MESSERSCHMITT-BOLKOW-BLOHM,BO 105LS A-3,MBB,105,1
MIL,MI-8MTV-1,,,1
MOORE BELL,47D1,MOORE BELL,,1
NAVICKAS,LOAD RUNNER 2000,NAVICKAS,,1
PARKER,ROTORWAY EXEC 90,ROTORWAY,90,1
PIASECKI ACFT. CORP.,HELISTAT 97-34J,PIASECKI ACFT. CORP.,,1
PIASECKI/PIKE,PV-18,PIASECKI/PIKE,PV18,1
ROBERT L COOONS,RW 1,,,1
ROBINSON,R 22B,ROBINSON,R22,1
ROBINSON,R-22,ROBINSON,R22,20
ROBINSON,R-22 ALPHA,ROBINSON,R22,1
ROBINSON,R-22 BETA,ROBINSON,R22,17
ROBINSON,R-22 BETA II,ROBINSON,R22,1
ROBINSON,R-22 HP,ROBINSON,R22,1
ROBINSON,R-22 MARINER,ROBINSON,R22,3
ROBINSON,R-22-A,ROBINSON,R22,2
ROBINSON,R-22-B,ROBINSON,R22,1
ROBINSON,R-22A,ROBINSON,R22,1
ROBINSON,R-22B,ROBINSON,R22,6
ROBINSON,R-22M,ROBINSON,R22,1
ROBINSON,R-44,ROBINSON,R44,22
ROBINSON,R-44 II,ROBINSON,R44,2
ROBINSON,R-44 RAVEN II,ROBINSON,R44,1
ROBINSON,R-44A,ROBINSON,R44,1
ROBINSON,R22,ROBINSON,R22,45
ROBINSON,R22 - BETA,ROBINSON,R22,3
ROBINSON,R22 ALPHA,ROBINSON,R22,1
ROBINSON,R22 BETA,ROBINSON,R22,22
ROBINSON,R22 BETA II,ROBINSON,R22,3
ROBINSON,R22 HP,ROBINSON,R22,1
ROBINSON,R22 MARINER,ROBINSON,R22,2
ROBINSON,R22-B,ROBINSON,R22,1
ROBINSON,R22A,ROBINSON,R22,4
ROBINSON,R22B,ROBINSON,R22,9
ROBINSON,R22BETA,ROBINSON,R22,1
ROBINSON,R22M,ROBINSON,R22,1
ROBINSON,R44,ROBINSON,R44,75
ROBINSON,R44 - II,ROBINSON,R44,6
ROBINSON,R44 - UNDESIGNAT,ROBINSON,R44,1
ROBINSON,R44 II,ROBINSON,R44,14
ROBINSON,R44 RAVEN I,ROBINSON,R44,1
ROBINSON,R44 RAVEN II,ROBINSON,R44,1
ROBINSON,R66,ROBINSON,R66,10
ROBINSON HELICOPTER,R22 BETA,ROBINSON,R22,13
ROBINSON HELICOPTER,R22 BETA II,ROBINSON,R22,4
ROBINSON HELICOPTER,R44,ROBINSON,R44,9
ROBINSON HELICOPTER,R44 II,ROBINSON,R44,1
ROBINSON HELICOPTER CO,R22 BETA,ROBINSON,R22,2
ROBINSON HELICOPTER CO,R66,ROBINSON,R66,2
ROBINSON HELICOPTER COMPANY,R 44,ROBINSON,R44,1
ROBINSON HELICOPTER COMPANY,R-22 BETA II,ROBINSON,R22,1
ROBINSON HELICOPTER COMPANY,R44,ROBINSON,R44,2
ROBINSON HELICOPTER COMPANY,R44 II,ROBINSON,R44,22
RODDIE,MINI-500,RODDIE,MINI 500,1
ROTORWAY,162F,ROTORWAY,162,1
ROTORWAY,EXEC 162F,ROTORWAY,162,1
ROTORWAY,EXEC 90,ROTORWAY,90,2
ROTORWAY,SCORPION 133,ROTORWAY,133,1
"ROTORWAY AIRCRAFT, INC.",SCORPION TOO,ROTORWAY,TOO,1
S.N.I.A.S.,AS350,AIRBUS,350,1
S.N.I.A.S.,AS350D ASTAR,AIRBUS,350,1
SAN JOAQUIN HELICOPTERS,OH-58A+,SAN JOAQUIN HELICOPTERS,OH-58,1
SANDS,HELICYCLE,SANDS,HELICYCLE,1
SCHRAMM,HELICYCLE,SCHRAMM,HELICYCLE,1
SCHULMAN,MOSQUITO XEL,SCHULMAN,MOSQUITO XEL,1
SCHWEIZER,269,SCHWEIZER,269,1
SCHWEIZER,269 C-1,SCHWEIZER,269,1
SCHWEIZER,269B,SCHWEIZER,269,1
SCHWEIZER,269C,SCHWEIZER,269,16
SCHWEIZER,269C - 1,SCHWEIZER,269,1
SCHWEIZER,269C 1,SCHWEIZER,269,1
SCHWEIZER,269C-1,SCHWEIZER,269,2
SCHWEIZER,269D,SCHWEIZER,269,2
SCHWEIZER,333,SCHWEIZER,333,1
SCHWEIZER,HUGHES 269C,SCHWEIZER,269,1
SCORPION,133,SCORPION,133,1
"SCOTTS-BELL 47, INC.",47G-4A,BELL,47,1
SHARP,SCORPION TOO,SHARP,SCORPION TOO,1
SHERMAN,EXECUTIVE,SHERMAN,EXECUTIVE,1
SIKORSKY,76A,SIKORSKY,76,1
SIKORSKY,CH-54A,SIKORSKY,54,3
SIKORSKY,HSS-1N,SIKORSKY,HSS,1
SIKORSKY,MH-53E,SIKORSKY,53,1
SIKORSKY,S-55B,SIKORSKY,55,1
SIKORSKY,S-58,SIKORSKY,58,1
SIKORSKY,S-58ET,SIKORSKY,58,3
SIKORSKY,S-58F,SIKORSKY,58,1
SIKORSKY,S-58T,SIKORSKY,58,1
SIKORSKY,S-61A,SIKORSKY,61,2
SIKORSKY,S-61L,SIKORSKY,61,1
SIKORSKY,S-61N,SIKORSKY,61,1
SIKORSKY,S-64E,SIKORSKY,64,2
SIKORSKY,S-76A,SIKORSKY,76,7
SIKORSKY,S-76A++,SIKORSKY,76,1
SIKORSKY,S-76B,SIKORSKY,76,2
SIKORSKY,S-76C,SIKORSKY,76,1
SIKORSKY,S-76C+,SIKORSKY,76,1
SIKORSKY,S-92A,SIKORSKY,92,1
SIKORSKY,S55B,SIKORSKY,55,1
SIKORSKY,S58,SIKORSKY,58,1
SIKORSKY,S58J,SIKORSKY,58,1
SIKORSKY,S61,SIKORSKY,61,1
SIKORSKY,S61N,SIKORSKY,61,1
SIKORSKY,S76,SIKORSKY,76,2
SIKORSKY,S76-C++,SIKORSKY,76,1
SIKORSKY,S76A,SIKORSKY,76,1
SIKORSKY,S76A++,SIKORSKY,76,1
SIKORSKY,S92,SIKORSKY,92,1
SIKORSKY,SK-70,SIKORSKY,70,1
SIKORSKY,SK-76A,SIKORSKY,76,1
SIKORSKY,UH-34D,SIKORSKY,34,1
SIKORSKY,UH-60A,SIKORSKY,60,1
SIKORSKY,UH-60M (S-70),SIKORSKY,60,1
SOUTHERN AERO,UH-1B,SOUTHERN AERO,1,1
SOUTHWEST FLORIDA AVIATION,SW204,SOUTHWEST FLORIDA AVIATION,204,1
STOOPIN,SCORPION,STOOPIN,SCORPION,1
SUD AVIATION,SA 318C,SUD AVIATION,318,1
TERPSTRA,EXEC 162F,TERPSTRA,162,1
TEXAS HELICOPTER,M74,TEXAS HELICOPTER,74,1
TEXAS HELICOPTER,OH-13-EM-7A,TEXAS HELICOPTER,OH-13,1
TEXAS HELICOPTER,OH-13/M74,TEXAS HELICOPTER,OH-13,1
TEXAS HELICOPTER,OH-13E/M74,TEXAS HELICOPTER,OH-13,1
TEXAS HELICOPTER CORP,M74L,TEXAS HELICOPTER,74,1
TEXAS HELICOPTER CORP,OH 13H/M74A,TEXAS HELICOPTER,OH-13,1
UNIVERSITY OF ALABAMA,MINI-500,UNIVERSITY OF ALABAMA,MINI 500,1
WESTERN INTERNATIONAL,UH-1H,WESTERN INTERNATIONAL,UH-1,1
WESTLAND HELICOPTERS,GAZELLE AH-MK1,WESTLAND,MK1,1
WORLD HELICOPTERS,47D1,WORLD HELICOPTERS,47,1
WORTHINGTON,ROTORWAY,ROTORWAY,,1
YORK RONALD J,ROTORWAY 162F,ROTORWAY,162,1
ZHUHAI HELICOPTER CO.,S-76A,ZHUHAI,S76,1
